<?xml version="1.0" encoding="UTF-8"?>
<jcr:root xmlns:sling="http://sling.apache.org/jcr/sling/1.0" xmlns:cq="http://www.day.com/jcr/cq/1.0" xmlns:jcr="http://www.jcp.org/jcr/1.0" xmlns:nt="http://www.jcp.org/jcr/nt/1.0"
    jcr:primaryType="nt:unstructured"
    jcr:title="Dropdown Comp"
    sling:resourceType="cq/gui/components/authoring/dialog"
    helpPath="en/cq/current/wcm/default_components.html#Carousel">
    <content
        jcr:primaryType="nt:unstructured"
        sling:resourceType="granite/ui/components/foundation/container">
        <layout
            jcr:primaryType="nt:unstructured"
            sling:resourceType="granite/ui/components/foundation/layouts/tabs"
            type="nav"/>
        <items jcr:primaryType="nt:unstructured">
            <dropdownlayout
                jcr:primaryType="nt:unstructured"
                jcr:title="Welcome Text Properties"
                sling:resourceType="granite/ui/components/foundation/section">
                <layout
                    jcr:primaryType="nt:unstructured"
                    sling:resourceType="granite/ui/components/foundation/layouts/fixedcolumns"/>
                <items jcr:primaryType="nt:unstructured">
                    <column
                        jcr:primaryType="nt:unstructured"
                        sling:resourceType="granite/ui/components/foundation/container">
                        <items jcr:primaryType="nt:unstructured">
                            <dropdown1
                                jcr:primaryType="nt:unstructured"
                                sling:resourceType="granite/ui/components/foundation/form/select"
                                eaem-selector=""
                                fieldLabel="Listener dropdown"
                                name="./dropdownvalue"
                                options="https://my.api.mockaroo.com/getDropdownvalues.json?key=d5080b70"/>
                            <dropdown2
                                jcr:primaryType="nt:unstructured"
                                sling:resourceType="granite/ui/components/foundation/form/select"
                                fieldLabel="Datasource dropdown"
                                name="./dropdownvalue1">
                                <datasource
                                    jcr:primaryType="nt:unstructured"
                                    sling:resourceType="/apps/tips-samples/components/datasource"/>
                            </dropdown2>
                        </items>
                    </column>
                </items>
            </dropdownlayout>
        </items>
    </content>
</jcr:root>
